{"loss": [1.0892939567565918, 3.354647636413574, 0.7269964218139648, 1.321271300315857, 0.7298344969749451, 0.7904048562049866], "binary_accuracy": [0.4998604655265808, 0.5008171796798706, 0.4994458854198456, 0.5009527206420898, 0.5000119805335999, 0.49961331486701965], "recall": [0.49936217069625854, 0.4987403154373169, 0.4988519251346588, 0.5076059699058533, 0.49134165048599243, 0.5012118220329285], "precision": [0.4998643398284912, 0.5008246302604675, 0.499449223279953, 0.500944197177887, 0.5000162124633789, 0.4996185302734375], "val_loss": [0.6943358778953552, 0.6946691274642944, 0.7076688408851624, 0.696789026260376, 0.6944260597229004, 0.7311080098152161], "val_binary_accuracy": [0.4999840557575226, 0.4999840557575226, 0.5000159740447998, 0.5000159740447998, 0.4999840557575226, 0.5000159740447998], "val_recall": [1.0, 1.0, 0.0, 0.0, 1.0, 0.0], "val_precision": [0.4999840557575226, 0.4999840557575226, 0.0, 0.0, 0.4999840557575226, 0.0]}