{"loss": [0.6792200207710266, 0.6115410923957825, 0.5133476257324219, 0.45748165249824524, 0.41467809677124023, 0.3909758925437927, 1.9141896963119507, 0.4305882751941681, 0.3707790970802307, 0.3617812693119049, 0.3494071960449219, 0.32347264885902405, 0.31013575196266174, 0.2926139831542969, 0.2855410873889923, 0.2852352261543274, 0.2882365882396698, 0.3844163715839386, 0.973698079586029, 0.4057830572128296, 0.4046260118484497, 0.37317124009132385, 0.35075879096984863, 0.3073120415210724, 0.2909168303012848, 0.2675742506980896, 0.5484682321548462, 0.29060137271881104, 0.26590222120285034, 0.2722114622592926, 0.2579070031642914, 0.2588966488838196, 0.38639965653419495, 0.25767382979393005, 0.24777594208717346, 0.24994951486587524, 0.26353561878204346, 0.5046259164810181, 0.26683083176612854, 0.24576875567436218, 0.3187231719493866, 0.24579468369483948, 0.23857153952121735, 0.24108591675758362], "binary_accuracy": [0.6451242566108704, 0.6835210919380188, 0.7610881328582764, 0.7966945171356201, 0.8195125460624695, 0.8335127234458923, 0.8414536118507385, 0.8245114684104919, 0.8442679643630981, 0.8497133851051331, 0.8558524250984192, 0.8676600456237793, 0.8725314140319824, 0.8805440664291382, 0.8820828199386597, 0.885455310344696, 0.88386070728302, 0.8744847774505615, 0.8701156973838806, 0.8517783284187317, 0.8547362089157104, 0.8631873726844788, 0.8676600456237793, 0.876772940158844, 0.8840441107749939, 0.8942492604255676, 0.8602932095527649, 0.8857263326644897, 0.8948552012443542, 0.8957321643829346, 0.8991525173187256, 0.8982117176055908, 0.8764460682868958, 0.8989372253417969, 0.9032026529312134, 0.902190089225769, 0.9015363454818726, 0.8719653487205505, 0.89654541015625, 0.905825674533844, 0.8905100226402283, 0.9063200354576111, 0.9078826904296875, 0.9072767496109009], "recall": [0.6541123390197754, 0.748540997505188, 0.8311700820922852, 0.8484070301055908, 0.8605415225028992, 0.8683707118034363, 0.8703798055648804, 0.8466849327087402, 0.8636029958724976, 0.8662499785423279, 0.8732659220695496, 0.8851452469825745, 0.8931179642677307, 0.8981567025184631, 0.8989061713218689, 0.9030200839042664, 0.9007079601287842, 0.8944733142852783, 0.8893070220947266, 0.8823069930076599, 0.8826418519020081, 0.8873776197433472, 0.8849380016326904, 0.8891953825950623, 0.8988583087921143, 0.9100041389465332, 0.8787990212440491, 0.8968332409858704, 0.9089038968086243, 0.9110565185546875, 0.9155052900314331, 0.9163663387298584, 0.8974232077598572, 0.913129448890686, 0.9181841611862183, 0.9186943769454956, 0.9160314798355103, 0.8947443962097168, 0.9092387557029724, 0.9199381470680237, 0.9040405750274658, 0.9204643368721008, 0.9235098958015442, 0.9224575161933899], "precision": [0.642565131187439, 0.6624053120613098, 0.7289941906929016, 0.7688872814178467, 0.7952843904495239, 0.8117789030075073, 0.8227819204330444, 0.8107336163520813, 0.8314527273178101, 0.8385194540023804, 0.8438780903816223, 0.8552390336990356, 0.8578013777732849, 0.8675969839096069, 0.8696470260620117, 0.87237548828125, 0.8713498711585999, 0.8600910902023315, 0.8564364910125732, 0.8315374851226807, 0.8359863758087158, 0.8464288115501404, 0.8553813695907593, 0.8676406741142273, 0.8729944825172424, 0.882207453250885, 0.8474360108375549, 0.8773456811904907, 0.8840653896331787, 0.8839656114578247, 0.8865127563476562, 0.884260892868042, 0.8612900972366333, 0.8879275321960449, 0.8914743065834045, 0.8893399834632874, 0.8902249932289124, 0.8557593822479248, 0.8867290616035461, 0.8946870565414429, 0.8802223205566406, 0.8951432704925537, 0.8955221772193909, 0.8952768445014954], "val_loss": [0.6246785521507263, 0.5221470594406128, 0.45770177245140076, 0.4016335904598236, 0.38625556230545044, 0.43450644612312317, 0.44171035289764404, 0.37303051352500916, 0.37204083800315857, 0.32100898027420044, 0.3656478822231293, 0.3066186010837555, 0.30383333563804626, 0.3090987801551819, 0.31868237257003784, 0.40405192971229553, 0.3571285605430603, 0.34399285912513733, 0.41118302941322327, 0.3424556851387024, 0.3509170114994049, 0.35276564955711365, 0.2876482605934143, 0.314863920211792, 0.2914302349090576, 0.2828020751476288, 0.3426213562488556, 0.3103891909122467, 0.2792655825614929, 0.3163357675075531, 0.2979254126548767, 0.32978522777557373, 0.3001692295074463, 0.3132728338241577, 0.3011242747306824, 0.3105567991733551, 3.7577338218688965, 0.33010587096214294, 0.2960035800933838, 0.2929404079914093, 0.30151113867759705, 0.285650372505188, 0.30506595969200134, 0.3093598186969757], "val_binary_accuracy": [0.6555154919624329, 0.7449692487716675, 0.7969831228256226, 0.822655200958252, 0.830659806728363, 0.822272539138794, 0.8324775695800781, 0.8502726554870605, 0.8492202758789062, 0.866600751876831, 0.8496986031532288, 0.8643046021461487, 0.8707465529441833, 0.8614025712013245, 0.8545141220092773, 0.8353796601295471, 0.8807602524757385, 0.864432156085968, 0.868259072303772, 0.8738718628883362, 0.8784322738647461, 0.8658353686332703, 0.8841726183891296, 0.8850336670875549, 0.8828650712966919, 0.8842363953590393, 0.8833115696907043, 0.8850017786026001, 0.8897853493690491, 0.8699811697006226, 0.8859584927558899, 0.8877443671226501, 0.8716076016426086, 0.8896577954292297, 0.893803596496582, 0.8860860466957092, 0.8532385230064392, 0.8843320608139038, 0.8870108723640442, 0.8803775906562805, 0.8914755582809448, 0.8911247849464417, 0.8928468823432922, 0.892177164554596], "val_recall": [0.8977547883987427, 0.8654165267944336, 0.8115193247795105, 0.842135488986969, 0.8792575597763062, 0.7455670237541199, 0.7961474657058716, 0.7917463779449463, 0.7773312926292419, 0.8565505743026733, 0.9137645363807678, 0.8981375098228455, 0.8812986612319946, 0.9288812279701233, 0.9341752529144287, 0.9402984976768494, 0.846791684627533, 0.926074743270874, 0.8690521717071533, 0.848768949508667, 0.8904197216033936, 0.921227216720581, 0.8728154301643372, 0.8501084446907043, 0.9002423882484436, 0.9110218286514282, 0.8484500646591187, 0.9089807271957397, 0.8805332183837891, 0.9255006909370422, 0.9090445041656494, 0.8820640444755554, 0.9119147658348083, 0.8641408085823059, 0.8999872207641602, 0.8392652273178101, 0.8187268972396851, 0.9088531732559204, 0.9240337014198303, 0.8203852772712708, 0.8996683359146118, 0.918229341506958, 0.8561678528785706, 0.8677765130996704], "val_precision": [0.6047520637512207, 0.6974042654037476, 0.7885830998420715, 0.8105469942092896, 0.8013603091239929, 0.8806599974632263, 0.8585184812545776, 0.8966987133026123, 0.9078516364097595, 0.874113142490387, 0.809973418712616, 0.8412091732025146, 0.8630770444869995, 0.8184219598770142, 0.8057878613471985, 0.7772037386894226, 0.9085060954093933, 0.8244279026985168, 0.8676685690879822, 0.8936270475387573, 0.8695651888847351, 0.8293425440788269, 0.8930948972702026, 0.9139409065246582, 0.8699994087219238, 0.8646930456161499, 0.9120329022407532, 0.8673767447471619, 0.897127628326416, 0.8329984545707703, 0.8689184188842773, 0.8921935558319092, 0.8438791036605835, 0.9106062650680542, 0.8889868855476379, 0.9259676337242126, 0.8794190287590027, 0.8663585782051086, 0.8603242635726929, 0.9322316646575928, 0.8851584792137146, 0.8710067868232727, 0.9239400029182434, 0.9122912883758545]}